SKU 编码,变种名（中文）,Variant Name (SHEIN/EN),颜色,件数/套装,组成明细,差异化点 / 上架理由,建议主图,可行性备注
YQ-RZ-PK-1,粉色单支（原规格）,Pink - 1 Pack,Pink #C1Y1P#,1,粉色刮毛刀 ×1,保留原厂规格，作为全店价格锚点的最低价档,原厂粉色主图,现货，直接可发
YQ-RZ-GN-1,绿色单支（原规格）,Green - 1 Pack,Green #C1Y1Q#,1,绿色刮毛刀 ×1,保留原厂规格，阔色系测试用（欧美偏好绿色系）,原厂绿色主图,现货，直接可发
YQ-RZ-PL-1,紫色单支（原规格）,Purple - 1 Pack,Purple #C1Y1R#,1,紫色刮毛刀 ×1,保留原厂规格，温柔色调适配女性客群,原厂紫色主图,现货，直接可发
YQ-RZ-MX-2,混色双支装,Mixed Colors - 2 Pack,Pink + Green,2,粉色×1 + 绿色×1,同款单支比价严重（非跨境专供，市面流通广），双支混色把对比单位从「支」变成「套」，规避直接比价,粉色+绿色并排图,现货，随手组合
YQ-RZ-PK-2,粉色双支装,Pink - 2 Pack,Pink #C1Y1P#,2,粉色刮毛刀 ×2,自用+备用场景，客单价翻倍但单支感知价更低,粉色双支平铺图,现货，随手组合
YQ-RZ-MX-3,三色三支装,3 Colors - 3 Pack,Pink + Green + Purple,3,粉/绿/紫 各1支,一次拿全 3 个颜色，可当「分享装／闺蜜装」，是本站最容易区别于同款的规格,三色扇形并排图,现货，随手组合
YQ-RZ-MX-6,混色六支装,Mixed Colors - 6 Pack,Pink + Green + Purple,6,粉/绿/紫 各2支,半年囤货装，主打通勤/旅行替换；单价感知最低，最适合做「多件更省」的划线价档,6支整齐平铺图,现货，随手组合
YQ-RZ-PK-C1,粉色单支 + 便携收纳盒,Pink with Travel Case,Pink #C1Y1P#,1+盒,粉色刮毛刀 ×1 + 便携收纳盒 ×1,加配件抬客单，把 0.3 元级商品做成「旅行套装」心智；收纳盒为外采配件，不与原厂同款重叠,粉色刀 + 收纳盒产品图,配件需另采（1688 盒子供应商）
YQ-RZ-PL-C2,紫色双支 + 收纳盒,Purple - 2 Pack with Case,Purple #C1Y1R#,2+盒,紫色 ×2 + 便携收纳盒 ×1,组合装的最高客单档之一，适合做「买二送盒」的活动款,紫色双支 + 盒,配件需另采
YQ-RZ-MX-9,三色九支装（多件折扣）,3 Colors - 9 Pack,Pink + Green + Purple,9,粉/绿/紫 各3支,批发/囤货档，页面明确建议整件下单（1000/箱），可把整件拆成小包多件装拉高件单价,三色各3支平铺图,现货，随手组合
